CREATE DATABASE  IF NOT EXISTS `es_extended` /*!40100 DEFAULT CHARACTER SET latin1 */;
USE `es_extended`;
-- MySQL dump 10.13  Distrib 8.0.20, for Win64 (x86_64)
--
-- Host: localhost    Database: es_extended
-- ------------------------------------------------------
-- Server version	5.7.30-log

/*!40101 SET @OLD_CHARACTER_SET_CLIENT=@@CHARACTER_SET_CLIENT */;
/*!40101 SET @OLD_CHARACTER_SET_RESULTS=@@CHARACTER_SET_RESULTS */;
/*!40101 SET @OLD_COLLATION_CONNECTION=@@COLLATION_CONNECTION */;
/*!50503 SET NAMES utf8 */;
/*!40103 SET @OLD_TIME_ZONE=@@TIME_ZONE */;
/*!40103 SET TIME_ZONE='+00:00' */;
/*!40014 SET @OLD_UNIQUE_CHECKS=@@UNIQUE_CHECKS, UNIQUE_CHECKS=0 */;
/*!40014 SET @OLD_FOREIGN_KEY_CHECKS=@@FOREIGN_KEY_CHECKS, FOREIGN_KEY_CHECKS=0 */;
/*!40101 SET @OLD_SQL_MODE=@@SQL_MODE, SQL_MODE='NO_AUTO_VALUE_ON_ZERO' */;
/*!40111 SET @OLD_SQL_NOTES=@@SQL_NOTES, SQL_NOTES=0 */;

--
-- Table structure for table `addon_account`
--

DROP TABLE IF EXISTS `addon_account`;
/*!40101 SET @saved_cs_client     = @@character_set_client */;
/*!50503 SET character_set_client = utf8mb4 */;
CREATE TABLE `addon_account` (
  `name` varchar(60) NOT NULL,
  `label` varchar(100) NOT NULL,
  `shared` int(11) NOT NULL,
  PRIMARY KEY (`name`)
) ENGINE=InnoDB DEFAULT CHARSET=latin1;
/*!40101 SET character_set_client = @saved_cs_client */;

--
-- Dumping data for table `addon_account`
--

LOCK TABLES `addon_account` WRITE;
/*!40000 ALTER TABLE `addon_account` DISABLE KEYS */;
INSERT INTO `addon_account` VALUES ('society_cardealer','Concessionnaire',1),('society_police','Police',1);
/*!40000 ALTER TABLE `addon_account` ENABLE KEYS */;
UNLOCK TABLES;

--
-- Table structure for table `addon_account_data`
--

DROP TABLE IF EXISTS `addon_account_data`;
/*!40101 SET @saved_cs_client     = @@character_set_client */;
/*!50503 SET character_set_client = utf8mb4 */;
CREATE TABLE `addon_account_data` (
  `id` int(11) NOT NULL AUTO_INCREMENT,
  `account_name` varchar(100) DEFAULT NULL,
  `money` int(11) NOT NULL,
  `owner` varchar(40) DEFAULT NULL,
  PRIMARY KEY (`id`),
  UNIQUE KEY `index_addon_account_data_account_name_owner` (`account_name`,`owner`),
  KEY `index_addon_account_data_account_name` (`account_name`)
) ENGINE=InnoDB DEFAULT CHARSET=latin1;
/*!40101 SET character_set_client = @saved_cs_client */;

--
-- Dumping data for table `addon_account_data`
--

LOCK TABLES `addon_account_data` WRITE;
/*!40000 ALTER TABLE `addon_account_data` DISABLE KEYS */;
/*!40000 ALTER TABLE `addon_account_data` ENABLE KEYS */;
UNLOCK TABLES;

--
-- Table structure for table `addon_inventory`
--

DROP TABLE IF EXISTS `addon_inventory`;
/*!40101 SET @saved_cs_client     = @@character_set_client */;
/*!50503 SET character_set_client = utf8mb4 */;
CREATE TABLE `addon_inventory` (
  `name` varchar(60) NOT NULL,
  `label` varchar(100) NOT NULL,
  `shared` int(11) NOT NULL,
  PRIMARY KEY (`name`)
) ENGINE=InnoDB DEFAULT CHARSET=latin1;
/*!40101 SET character_set_client = @saved_cs_client */;

--
-- Dumping data for table `addon_inventory`
--

LOCK TABLES `addon_inventory` WRITE;
/*!40000 ALTER TABLE `addon_inventory` DISABLE KEYS */;
INSERT INTO `addon_inventory` VALUES ('society_cardealer','Concesionnaire',1),('society_police','Policia',1);
/*!40000 ALTER TABLE `addon_inventory` ENABLE KEYS */;
UNLOCK TABLES;

--
-- Table structure for table `addon_inventory_items`
--

DROP TABLE IF EXISTS `addon_inventory_items`;
/*!40101 SET @saved_cs_client     = @@character_set_client */;
/*!50503 SET character_set_client = utf8mb4 */;
CREATE TABLE `addon_inventory_items` (
  `id` int(11) NOT NULL AUTO_INCREMENT,
  `inventory_name` varchar(100) NOT NULL,
  `name` varchar(100) NOT NULL,
  `count` int(11) NOT NULL,
  `owner` varchar(40) DEFAULT NULL,
  PRIMARY KEY (`id`),
  KEY `index_addon_inventory_items_inventory_name_name` (`inventory_name`,`name`),
  KEY `index_addon_inventory_items_inventory_name_name_owner` (`inventory_name`,`name`,`owner`),
  KEY `index_addon_inventory_inventory_name` (`inventory_name`)
) ENGINE=InnoDB DEFAULT CHARSET=latin1;
/*!40101 SET character_set_client = @saved_cs_client */;

--
-- Dumping data for table `addon_inventory_items`
--

LOCK TABLES `addon_inventory_items` WRITE;
/*!40000 ALTER TABLE `addon_inventory_items` DISABLE KEYS */;
/*!40000 ALTER TABLE `addon_inventory_items` ENABLE KEYS */;
UNLOCK TABLES;

--
-- Table structure for table `billing`
--

DROP TABLE IF EXISTS `billing`;
/*!40101 SET @saved_cs_client     = @@character_set_client */;
/*!50503 SET character_set_client = utf8mb4 */;
CREATE TABLE `billing` (
  `id` int(11) NOT NULL AUTO_INCREMENT,
  `identifier` varchar(40) NOT NULL,
  `sender` varchar(40) NOT NULL,
  `target_type` varchar(50) NOT NULL,
  `target` varchar(40) NOT NULL,
  `label` varchar(255) NOT NULL,
  `amount` int(11) NOT NULL,
  PRIMARY KEY (`id`)
) ENGINE=InnoDB DEFAULT CHARSET=latin1;
/*!40101 SET character_set_client = @saved_cs_client */;

--
-- Dumping data for table `billing`
--

LOCK TABLES `billing` WRITE;
/*!40000 ALTER TABLE `billing` DISABLE KEYS */;
/*!40000 ALTER TABLE `billing` ENABLE KEYS */;
UNLOCK TABLES;

--
-- Table structure for table `cardealer_vehicles`
--

DROP TABLE IF EXISTS `cardealer_vehicles`;
/*!40101 SET @saved_cs_client     = @@character_set_client */;
/*!50503 SET character_set_client = utf8mb4 */;
CREATE TABLE `cardealer_vehicles` (
  `id` int(11) NOT NULL AUTO_INCREMENT,
  `vehicle` varchar(255) NOT NULL,
  `price` int(11) NOT NULL,
  PRIMARY KEY (`id`)
) ENGINE=InnoDB DEFAULT CHARSET=latin1;
/*!40101 SET character_set_client = @saved_cs_client */;

--
-- Dumping data for table `cardealer_vehicles`
--

LOCK TABLES `cardealer_vehicles` WRITE;
/*!40000 ALTER TABLE `cardealer_vehicles` DISABLE KEYS */;
/*!40000 ALTER TABLE `cardealer_vehicles` ENABLE KEYS */;
UNLOCK TABLES;

--
-- Table structure for table `datastore`
--

DROP TABLE IF EXISTS `datastore`;
/*!40101 SET @saved_cs_client     = @@character_set_client */;
/*!50503 SET character_set_client = utf8mb4 */;
CREATE TABLE `datastore` (
  `name` varchar(60) NOT NULL,
  `label` varchar(100) NOT NULL,
  `shared` int(11) NOT NULL,
  PRIMARY KEY (`name`)
) ENGINE=InnoDB DEFAULT CHARSET=latin1;
/*!40101 SET character_set_client = @saved_cs_client */;

--
-- Dumping data for table `datastore`
--

LOCK TABLES `datastore` WRITE;
/*!40000 ALTER TABLE `datastore` DISABLE KEYS */;
INSERT INTO `datastore` VALUES ('society_police','Policia',1);
/*!40000 ALTER TABLE `datastore` ENABLE KEYS */;
UNLOCK TABLES;

--
-- Table structure for table `datastore_data`
--

DROP TABLE IF EXISTS `datastore_data`;
/*!40101 SET @saved_cs_client     = @@character_set_client */;
/*!50503 SET character_set_client = utf8mb4 */;
CREATE TABLE `datastore_data` (
  `id` int(11) NOT NULL AUTO_INCREMENT,
  `name` varchar(60) NOT NULL,
  `owner` varchar(40) DEFAULT NULL,
  `data` longtext,
  PRIMARY KEY (`id`),
  UNIQUE KEY `index_datastore_data_name_owner` (`name`,`owner`),
  KEY `index_datastore_data_name` (`name`)
) ENGINE=InnoDB AUTO_INCREMENT=2 DEFAULT CHARSET=latin1;
/*!40101 SET character_set_client = @saved_cs_client */;

--
-- Dumping data for table `datastore_data`
--

LOCK TABLES `datastore_data` WRITE;
/*!40000 ALTER TABLE `datastore_data` DISABLE KEYS */;
INSERT INTO `datastore_data` VALUES (1,'society_police',NULL,'{}');
/*!40000 ALTER TABLE `datastore_data` ENABLE KEYS */;
UNLOCK TABLES;

--
-- Table structure for table `fine_types`
--

DROP TABLE IF EXISTS `fine_types`;
/*!40101 SET @saved_cs_client     = @@character_set_client */;
/*!50503 SET character_set_client = utf8mb4 */;
CREATE TABLE `fine_types` (
  `id` int(11) NOT NULL AUTO_INCREMENT,
  `label` varchar(255) DEFAULT NULL,
  `amount` int(11) DEFAULT NULL,
  `category` int(11) DEFAULT NULL,
  PRIMARY KEY (`id`)
) ENGINE=InnoDB AUTO_INCREMENT=61 DEFAULT CHARSET=latin1;
/*!40101 SET character_set_client = @saved_cs_client */;

--
-- Dumping data for table `fine_types`
--

LOCK TABLES `fine_types` WRITE;
/*!40000 ALTER TABLE `fine_types` DISABLE KEYS */;
INSERT INTO `fine_types` VALUES (1,'Mal uso de claxon',250,0),(2,'Giro indebido',250,0),(3,'Circular en sentido contrario',500,0),(4,'Estacionar en zonas no habilitadas y obstruir circulación',250,0),(5,'Ignorar las señales de transito',250,0),(6,'Saltarse un semaforo',400,0),(7,'No respetar la distancia de seguridad',250,0),(8,'No ceder el paso a vehiculos de emergencias',1000,0),(9,'Realizar adelantamiento indebido',400,0),(10,'Circular marcha atras',600,0),(11,'Ignorar señales de los agentes qeu regulan la circulacion',1000,0),(12,'Conducir un vehiculo en malas condiciones',250,0),(13,'Saltar u omitir un control de trafico',2000,0),(14,'Exceso de velocidad en vias urbanas',600,0),(15,'Exceso de velocidad en vias secundarias',400,0),(16,'Exceso de velocidad en autovias',500,0),(17,'Conduccion temeraria o maniobra agresiva',2000,0),(18,'Conducir bajo los efectos de las drogas o alcohol',2500,0),(19,'Circular por zonas no habilitadas para ello',400,0),(20,'Circular sin las luces de posicion',250,0),(21,'Circular sin el casco con motocicleta',400,0),(22,'Multas de Radar',500,0),(23,'Alteracion del orden publico',1500,1),(24,'Racismo',3000,1),(25,'Faltas de respeto a otro civil',1000,1),(26,'Dañar mobiliario urbano',2000,1),(27,'Suplatancion de identidad',6000,1),(28,'Implementacion en una organizacion ilegal',5000,1),(29,'Circular por la via publica con el rostro oculto',5000,1),(30,'Circular en via publica desnudo o semidesnudo',1000,1),(31,'Circular en via publica sin camiseta',400,1),(32,'Fraude o engaño',20000,1),(33,'Negativa a identificarse',10000,1),(34,'Obstruccion a la justicia',8000,1),(35,'Robo de vehiculo',2500,2),(36,'Robo mediante intimidacion a otro civil',7000,2),(37,'Robo con violencia a otro civil',10000,2),(38,'Robo menor',7000,2),(39,'Robo mayor',20000,2),(40,'Robo a empresas',50000,2),(41,'Robo a entidades federales',120000,2),(42,'Allanamiento de morada o propiedad privada',7000,2),(43,'Posesion de arma blanca ilegal',7000,3),(44,'Posesion de arma de fuego ilegal',10000,3),(45,'Posesion de municion ilegal',7000,3),(46,'Trafico de armas o municion',10000,3),(47,'Posesion de dinero negro',5000,3),(48,'Marihuana',100,4),(49,'Cocaina',130,4),(50,'Cristal',160,4),(51,'Opio',145,4),(52,'Metanfetamina',160,4),(53,'Trafico de drogas',15000,4),(54,'Consumo de drogas en via publica',1500,4),(55,'Intento de secuestro',15000,5),(56,'Secustro a un civil',20000,5),(57,'Intento de homicidio',15000,5),(58,'Homicidio',25000,5),(59,'Amenaza o extorsion a un ciudadano',5000,5),(60,'Omision de deber de socorro',2500,5);
/*!40000 ALTER TABLE `fine_types` ENABLE KEYS */;
UNLOCK TABLES;

--
-- Table structure for table `items`
--

DROP TABLE IF EXISTS `items`;
/*!40101 SET @saved_cs_client     = @@character_set_client */;
/*!50503 SET character_set_client = utf8mb4 */;
CREATE TABLE `items` (
  `name` varchar(50) NOT NULL,
  `label` varchar(50) NOT NULL,
  `weight` int(11) NOT NULL DEFAULT '1',
  `rare` tinyint(4) NOT NULL DEFAULT '0',
  `can_remove` tinyint(4) NOT NULL DEFAULT '1',
  PRIMARY KEY (`name`)
) ENGINE=InnoDB DEFAULT CHARSET=latin1;
/*!40101 SET character_set_client = @saved_cs_client */;

--
-- Dumping data for table `items`
--

LOCK TABLES `items` WRITE;
/*!40000 ALTER TABLE `items` DISABLE KEYS */;
INSERT INTO `items` VALUES ('bread','Pan',1,0,1),('water','Agua',1,0,1);
/*!40000 ALTER TABLE `items` ENABLE KEYS */;
UNLOCK TABLES;

--
-- Table structure for table `job_grades`
--

DROP TABLE IF EXISTS `job_grades`;
/*!40101 SET @saved_cs_client     = @@character_set_client */;
/*!50503 SET character_set_client = utf8mb4 */;
CREATE TABLE `job_grades` (
  `id` int(11) NOT NULL AUTO_INCREMENT,
  `job_name` varchar(50) DEFAULT NULL,
  `grade` int(11) NOT NULL,
  `name` varchar(50) NOT NULL,
  `label` varchar(50) NOT NULL,
  `salary` int(11) NOT NULL,
  `skin_male` longtext NOT NULL,
  `skin_female` longtext NOT NULL,
  PRIMARY KEY (`id`)
) ENGINE=InnoDB AUTO_INCREMENT=11 DEFAULT CHARSET=latin1;
/*!40101 SET character_set_client = @saved_cs_client */;

--
-- Dumping data for table `job_grades`
--

LOCK TABLES `job_grades` WRITE;
/*!40000 ALTER TABLE `job_grades` DISABLE KEYS */;
INSERT INTO `job_grades` VALUES (1,'unemployed',0,'unemployed','Unemployed',200,'{}','{}'),(2,'cardealer',0,'recruit','Recrue',10,'{}','{}'),(3,'cardealer',1,'novice','Novice',25,'{}','{}'),(4,'cardealer',2,'experienced','Experimente',40,'{}','{}'),(5,'cardealer',3,'boss','Patron',0,'{}','{}'),(6,'police',0,'recruit','Recluta',20,'{}','{}'),(7,'police',1,'officer','Oficial',40,'{}','{}'),(8,'police',2,'sergeant','Sargento',60,'{}','{}'),(9,'police',3,'lieutenant','Teniente',85,'{}','{}'),(10,'police',4,'boss','Comisario',100,'{}','{}');
/*!40000 ALTER TABLE `job_grades` ENABLE KEYS */;
UNLOCK TABLES;

--
-- Table structure for table `jobs`
--

DROP TABLE IF EXISTS `jobs`;
/*!40101 SET @saved_cs_client     = @@character_set_client */;
/*!50503 SET character_set_client = utf8mb4 */;
CREATE TABLE `jobs` (
  `name` varchar(50) NOT NULL,
  `label` varchar(50) DEFAULT NULL,
  PRIMARY KEY (`name`)
) ENGINE=InnoDB DEFAULT CHARSET=latin1;
/*!40101 SET character_set_client = @saved_cs_client */;

--
-- Dumping data for table `jobs`
--

LOCK TABLES `jobs` WRITE;
/*!40000 ALTER TABLE `jobs` DISABLE KEYS */;
INSERT INTO `jobs` VALUES ('cardealer','Concessionnaire'),('police','LSPD'),('unemployed','Unemployed');
/*!40000 ALTER TABLE `jobs` ENABLE KEYS */;
UNLOCK TABLES;

--
-- Table structure for table `owned_vehicles`
--

DROP TABLE IF EXISTS `owned_vehicles`;
/*!40101 SET @saved_cs_client     = @@character_set_client */;
/*!50503 SET character_set_client = utf8mb4 */;
CREATE TABLE `owned_vehicles` (
  `owner` varchar(40) NOT NULL,
  `plate` varchar(12) NOT NULL,
  `vehicle` longtext,
  `type` varchar(20) NOT NULL DEFAULT 'car',
  `job` varchar(20) DEFAULT NULL,
  `stored` tinyint(4) NOT NULL DEFAULT '0',
  PRIMARY KEY (`plate`)
) ENGINE=InnoDB DEFAULT CHARSET=latin1;
/*!40101 SET character_set_client = @saved_cs_client */;

--
-- Dumping data for table `owned_vehicles`
--

LOCK TABLES `owned_vehicles` WRITE;
/*!40000 ALTER TABLE `owned_vehicles` DISABLE KEYS */;
/*!40000 ALTER TABLE `owned_vehicles` ENABLE KEYS */;
UNLOCK TABLES;

--
-- Table structure for table `phone_app_chat`
--

DROP TABLE IF EXISTS `phone_app_chat`;
/*!40101 SET @saved_cs_client     = @@character_set_client */;
/*!50503 SET character_set_client = utf8mb4 */;
CREATE TABLE `phone_app_chat` (
  `id` int(11) NOT NULL AUTO_INCREMENT,
  `channel` varchar(20) NOT NULL,
  `message` varchar(255) NOT NULL,
  `time` timestamp NOT NULL DEFAULT CURRENT_TIMESTAMP,
  PRIMARY KEY (`id`)
) ENGINE=InnoDB DEFAULT CHARSET=utf8;
/*!40101 SET character_set_client = @saved_cs_client */;

--
-- Dumping data for table `phone_app_chat`
--

LOCK TABLES `phone_app_chat` WRITE;
/*!40000 ALTER TABLE `phone_app_chat` DISABLE KEYS */;
/*!40000 ALTER TABLE `phone_app_chat` ENABLE KEYS */;
UNLOCK TABLES;

--
-- Table structure for table `phone_calls`
--

DROP TABLE IF EXISTS `phone_calls`;
/*!40101 SET @saved_cs_client     = @@character_set_client */;
/*!50503 SET character_set_client = utf8mb4 */;
CREATE TABLE `phone_calls` (
  `id` int(11) NOT NULL AUTO_INCREMENT,
  `owner` varchar(10) NOT NULL COMMENT 'Num tel proprio',
  `num` varchar(10) NOT NULL COMMENT 'Num reférence du contact',
  `incoming` int(11) NOT NULL COMMENT 'Défini si on est à l''origine de l''appels',
  `time` timestamp NOT NULL DEFAULT CURRENT_TIMESTAMP,
  `accepts` int(11) NOT NULL COMMENT 'Appels accepter ou pas',
  PRIMARY KEY (`id`)
) ENGINE=InnoDB DEFAULT CHARSET=utf8;
/*!40101 SET character_set_client = @saved_cs_client */;

--
-- Dumping data for table `phone_calls`
--

LOCK TABLES `phone_calls` WRITE;
/*!40000 ALTER TABLE `phone_calls` DISABLE KEYS */;
/*!40000 ALTER TABLE `phone_calls` ENABLE KEYS */;
UNLOCK TABLES;

--
-- Table structure for table `phone_messages`
--

DROP TABLE IF EXISTS `phone_messages`;
/*!40101 SET @saved_cs_client     = @@character_set_client */;
/*!50503 SET character_set_client = utf8mb4 */;
CREATE TABLE `phone_messages` (
  `id` int(11) NOT NULL AUTO_INCREMENT,
  `transmitter` varchar(10) NOT NULL,
  `receiver` varchar(10) NOT NULL,
  `message` varchar(255) NOT NULL DEFAULT '0',
  `time` timestamp NOT NULL DEFAULT CURRENT_TIMESTAMP,
  `isRead` int(11) NOT NULL DEFAULT '0',
  `owner` int(11) NOT NULL DEFAULT '0',
  PRIMARY KEY (`id`)
) ENGINE=MyISAM DEFAULT CHARSET=utf8;
/*!40101 SET character_set_client = @saved_cs_client */;

--
-- Dumping data for table `phone_messages`
--

LOCK TABLES `phone_messages` WRITE;
/*!40000 ALTER TABLE `phone_messages` DISABLE KEYS */;
/*!40000 ALTER TABLE `phone_messages` ENABLE KEYS */;
UNLOCK TABLES;

--
-- Table structure for table `phone_users_contacts`
--

DROP TABLE IF EXISTS `phone_users_contacts`;
/*!40101 SET @saved_cs_client     = @@character_set_client */;
/*!50503 SET character_set_client = utf8mb4 */;
CREATE TABLE `phone_users_contacts` (
  `id` int(11) NOT NULL AUTO_INCREMENT,
  `identifier` varchar(60) CHARACTER SET utf8mb4 DEFAULT NULL,
  `number` varchar(10) CHARACTER SET utf8mb4 DEFAULT NULL,
  `display` varchar(64) CHARACTER SET utf8mb4 NOT NULL DEFAULT '-1',
  PRIMARY KEY (`id`)
) ENGINE=MyISAM DEFAULT CHARSET=utf8;
/*!40101 SET character_set_client = @saved_cs_client */;

--
-- Dumping data for table `phone_users_contacts`
--

LOCK TABLES `phone_users_contacts` WRITE;
/*!40000 ALTER TABLE `phone_users_contacts` DISABLE KEYS */;
/*!40000 ALTER TABLE `phone_users_contacts` ENABLE KEYS */;
UNLOCK TABLES;

--
-- Table structure for table `rented_vehicles`
--

DROP TABLE IF EXISTS `rented_vehicles`;
/*!40101 SET @saved_cs_client     = @@character_set_client */;
/*!50503 SET character_set_client = utf8mb4 */;
CREATE TABLE `rented_vehicles` (
  `vehicle` varchar(60) NOT NULL,
  `plate` varchar(12) NOT NULL,
  `player_name` varchar(255) NOT NULL,
  `base_price` int(11) NOT NULL,
  `rent_price` int(11) NOT NULL,
  `owner` varchar(22) NOT NULL,
  PRIMARY KEY (`plate`)
) ENGINE=InnoDB DEFAULT CHARSET=latin1;
/*!40101 SET character_set_client = @saved_cs_client */;

--
-- Dumping data for table `rented_vehicles`
--

LOCK TABLES `rented_vehicles` WRITE;
/*!40000 ALTER TABLE `rented_vehicles` DISABLE KEYS */;
/*!40000 ALTER TABLE `rented_vehicles` ENABLE KEYS */;
UNLOCK TABLES;

--
-- Table structure for table `shops`
--

DROP TABLE IF EXISTS `shops`;
/*!40101 SET @saved_cs_client     = @@character_set_client */;
/*!50503 SET character_set_client = utf8mb4 */;
CREATE TABLE `shops` (
  `id` int(11) NOT NULL AUTO_INCREMENT,
  `store` varchar(100) NOT NULL,
  `item` varchar(100) NOT NULL,
  `price` int(11) NOT NULL,
  PRIMARY KEY (`id`)
) ENGINE=InnoDB AUTO_INCREMENT=7 DEFAULT CHARSET=latin1;
/*!40101 SET character_set_client = @saved_cs_client */;

--
-- Dumping data for table `shops`
--

LOCK TABLES `shops` WRITE;
/*!40000 ALTER TABLE `shops` DISABLE KEYS */;
INSERT INTO `shops` VALUES (1,'TwentyFourSeven','bread',30),(2,'TwentyFourSeven','water',15),(3,'RobsLiquor','bread',30),(4,'RobsLiquor','water',15),(5,'LTDgasoline','bread',30),(6,'LTDgasoline','water',15);
/*!40000 ALTER TABLE `shops` ENABLE KEYS */;
UNLOCK TABLES;

--
-- Table structure for table `society_moneywash`
--

DROP TABLE IF EXISTS `society_moneywash`;
/*!40101 SET @saved_cs_client     = @@character_set_client */;
/*!50503 SET character_set_client = utf8mb4 */;
CREATE TABLE `society_moneywash` (
  `id` int(11) NOT NULL AUTO_INCREMENT,
  `identifier` varchar(60) NOT NULL,
  `society` varchar(60) NOT NULL,
  `amount` int(11) NOT NULL,
  PRIMARY KEY (`id`)
) ENGINE=InnoDB DEFAULT CHARSET=latin1;
/*!40101 SET character_set_client = @saved_cs_client */;

--
-- Dumping data for table `society_moneywash`
--

LOCK TABLES `society_moneywash` WRITE;
/*!40000 ALTER TABLE `society_moneywash` DISABLE KEYS */;
/*!40000 ALTER TABLE `society_moneywash` ENABLE KEYS */;
UNLOCK TABLES;

--
-- Table structure for table `twitter_accounts`
--

DROP TABLE IF EXISTS `twitter_accounts`;
/*!40101 SET @saved_cs_client     = @@character_set_client */;
/*!50503 SET character_set_client = utf8mb4 */;
CREATE TABLE `twitter_accounts` (
  `id` int(11) NOT NULL AUTO_INCREMENT,
  `username` varchar(50) CHARACTER SET utf8 NOT NULL DEFAULT '0',
  `password` varchar(50) COLLATE utf8mb4_bin NOT NULL DEFAULT '0',
  `avatar_url` varchar(255) COLLATE utf8mb4_bin DEFAULT NULL,
  PRIMARY KEY (`id`),
  UNIQUE KEY `username` (`username`)
) ENGINE=InnoDB DEFAULT CHARSET=utf8mb4 COLLATE=utf8mb4_bin;
/*!40101 SET character_set_client = @saved_cs_client */;

--
-- Dumping data for table `twitter_accounts`
--

LOCK TABLES `twitter_accounts` WRITE;
/*!40000 ALTER TABLE `twitter_accounts` DISABLE KEYS */;
/*!40000 ALTER TABLE `twitter_accounts` ENABLE KEYS */;
UNLOCK TABLES;

--
-- Table structure for table `twitter_likes`
--

DROP TABLE IF EXISTS `twitter_likes`;
/*!40101 SET @saved_cs_client     = @@character_set_client */;
/*!50503 SET character_set_client = utf8mb4 */;
CREATE TABLE `twitter_likes` (
  `id` int(11) NOT NULL AUTO_INCREMENT,
  `authorId` int(11) DEFAULT NULL,
  `tweetId` int(11) DEFAULT NULL,
  PRIMARY KEY (`id`),
  KEY `FK_twitter_likes_twitter_accounts` (`authorId`),
  KEY `FK_twitter_likes_twitter_tweets` (`tweetId`),
  CONSTRAINT `FK_twitter_likes_twitter_accounts` FOREIGN KEY (`authorId`) REFERENCES `twitter_accounts` (`id`),
  CONSTRAINT `FK_twitter_likes_twitter_tweets` FOREIGN KEY (`tweetId`) REFERENCES `twitter_tweets` (`id`) ON DELETE CASCADE
) ENGINE=InnoDB DEFAULT CHARSET=utf8mb4 COLLATE=utf8mb4_bin;
/*!40101 SET character_set_client = @saved_cs_client */;

--
-- Dumping data for table `twitter_likes`
--

LOCK TABLES `twitter_likes` WRITE;
/*!40000 ALTER TABLE `twitter_likes` DISABLE KEYS */;
/*!40000 ALTER TABLE `twitter_likes` ENABLE KEYS */;
UNLOCK TABLES;

--
-- Table structure for table `twitter_tweets`
--

DROP TABLE IF EXISTS `twitter_tweets`;
/*!40101 SET @saved_cs_client     = @@character_set_client */;
/*!50503 SET character_set_client = utf8mb4 */;
CREATE TABLE `twitter_tweets` (
  `id` int(11) NOT NULL AUTO_INCREMENT,
  `authorId` int(11) NOT NULL,
  `realUser` varchar(50) COLLATE utf8mb4_unicode_ci DEFAULT NULL,
  `message` varchar(256) COLLATE utf8mb4_unicode_ci NOT NULL,
  `time` timestamp NOT NULL DEFAULT CURRENT_TIMESTAMP,
  `likes` int(11) NOT NULL DEFAULT '0',
  PRIMARY KEY (`id`),
  KEY `FK_twitter_tweets_twitter_accounts` (`authorId`),
  CONSTRAINT `FK_twitter_tweets_twitter_accounts` FOREIGN KEY (`authorId`) REFERENCES `twitter_accounts` (`id`)
) ENGINE=InnoDB DEFAULT CHARSET=utf8mb4 COLLATE=utf8mb4_unicode_ci;
/*!40101 SET character_set_client = @saved_cs_client */;

--
-- Dumping data for table `twitter_tweets`
--

LOCK TABLES `twitter_tweets` WRITE;
/*!40000 ALTER TABLE `twitter_tweets` DISABLE KEYS */;
/*!40000 ALTER TABLE `twitter_tweets` ENABLE KEYS */;
UNLOCK TABLES;

--
-- Table structure for table `users`
--

DROP TABLE IF EXISTS `users`;
/*!40101 SET @saved_cs_client     = @@character_set_client */;
/*!50503 SET character_set_client = utf8mb4 */;
CREATE TABLE `users` (
  `identifier` varchar(40) NOT NULL,
  `accounts` longtext,
  `group` varchar(50) DEFAULT 'user',
  `inventory` longtext,
  `job` varchar(20) DEFAULT 'unemployed',
  `job_grade` int(11) DEFAULT '0',
  `loadout` longtext,
  `position` varchar(255) DEFAULT '{"x":-269.4,"y":-955.3,"z":31.2,"heading":205.8}',
  `status` longtext,
  `skin` longtext,
  `firstname` varchar(16) DEFAULT NULL,
  `lastname` varchar(16) DEFAULT NULL,
  `dateofbirth` varchar(10) DEFAULT NULL,
  `sex` varchar(1) DEFAULT NULL,
  `height` int(11) DEFAULT NULL,
  `phone_number` varchar(10) DEFAULT NULL,
  PRIMARY KEY (`identifier`)
) ENGINE=InnoDB DEFAULT CHARSET=latin1;
/*!40101 SET character_set_client = @saved_cs_client */;

--
-- Dumping data for table `users`
--

LOCK TABLES `users` WRITE;
/*!40000 ALTER TABLE `users` DISABLE KEYS */;
/*!40000 ALTER TABLE `users` ENABLE KEYS */;
UNLOCK TABLES;

--
-- Table structure for table `vehicle_categories`
--

DROP TABLE IF EXISTS `vehicle_categories`;
/*!40101 SET @saved_cs_client     = @@character_set_client */;
/*!50503 SET character_set_client = utf8mb4 */;
CREATE TABLE `vehicle_categories` (
  `name` varchar(60) NOT NULL,
  `label` varchar(60) NOT NULL,
  PRIMARY KEY (`name`)
) ENGINE=InnoDB DEFAULT CHARSET=latin1;
/*!40101 SET character_set_client = @saved_cs_client */;

--
-- Dumping data for table `vehicle_categories`
--

LOCK TABLES `vehicle_categories` WRITE;
/*!40000 ALTER TABLE `vehicle_categories` DISABLE KEYS */;
INSERT INTO `vehicle_categories` VALUES ('compacts','Compacts'),('coupes','Coupés'),('motorcycles','Motos'),('muscle','Muscle'),('offroad','Off Road'),('sedans','Sedans'),('sports','Sports'),('sportsclassics','Sports Classics'),('super','Super'),('suvs','SUVs'),('vans','Vans');
/*!40000 ALTER TABLE `vehicle_categories` ENABLE KEYS */;
UNLOCK TABLES;

--
-- Table structure for table `vehicle_sold`
--

DROP TABLE IF EXISTS `vehicle_sold`;
/*!40101 SET @saved_cs_client     = @@character_set_client */;
/*!50503 SET character_set_client = utf8mb4 */;
CREATE TABLE `vehicle_sold` (
  `client` varchar(50) NOT NULL,
  `model` varchar(50) NOT NULL,
  `plate` varchar(50) NOT NULL,
  `soldby` varchar(50) NOT NULL,
  `date` varchar(50) NOT NULL,
  PRIMARY KEY (`plate`)
) ENGINE=InnoDB DEFAULT CHARSET=latin1;
/*!40101 SET character_set_client = @saved_cs_client */;

--
-- Dumping data for table `vehicle_sold`
--

LOCK TABLES `vehicle_sold` WRITE;
/*!40000 ALTER TABLE `vehicle_sold` DISABLE KEYS */;
/*!40000 ALTER TABLE `vehicle_sold` ENABLE KEYS */;
UNLOCK TABLES;

--
-- Table structure for table `vehicles`
--

DROP TABLE IF EXISTS `vehicles`;
/*!40101 SET @saved_cs_client     = @@character_set_client */;
/*!50503 SET character_set_client = utf8mb4 */;
CREATE TABLE `vehicles` (
  `name` varchar(60) NOT NULL,
  `model` varchar(60) NOT NULL,
  `price` int(11) NOT NULL,
  `category` varchar(60) DEFAULT NULL,
  PRIMARY KEY (`model`)
) ENGINE=InnoDB DEFAULT CHARSET=latin1;
/*!40101 SET character_set_client = @saved_cs_client */;

--
-- Dumping data for table `vehicles`
--

LOCK TABLES `vehicles` WRITE;
/*!40000 ALTER TABLE `vehicles` DISABLE KEYS */;
INSERT INTO `vehicles` VALUES ('Adder','adder',900000,'super'),('Akuma','AKUMA',7500,'motorcycles'),('Alpha','alpha',60000,'sports'),('Ardent','ardent',1150000,'sportsclassics'),('Asea','asea',5500,'sedans'),('Autarch','autarch',1955000,'super'),('Avarus','avarus',18000,'motorcycles'),('Bagger','bagger',13500,'motorcycles'),('Baller','baller2',40000,'suvs'),('Baller Sport','baller3',60000,'suvs'),('Banshee','banshee',70000,'sports'),('Banshee 900R','banshee2',255000,'super'),('Bati 801','bati',12000,'motorcycles'),('Bati 801RR','bati2',19000,'motorcycles'),('Bestia GTS','bestiagts',55000,'sports'),('BF400','bf400',6500,'motorcycles'),('Bf Injection','bfinjection',16000,'offroad'),('Bifta','bifta',12000,'offroad'),('Bison','bison',45000,'vans'),('Blade','blade',15000,'muscle'),('Blazer','blazer',6500,'offroad'),('Blazer Sport','blazer4',8500,'offroad'),('blazer5','blazer5',1755600,'offroad'),('Blista','blista',8000,'compacts'),('BMX (velo)','bmx',160,'motorcycles'),('Bobcat XL','bobcatxl',32000,'vans'),('Brawler','brawler',45000,'offroad'),('Brioso R/A','brioso',18000,'compacts'),('Btype','btype',62000,'sportsclassics'),('Btype Hotroad','btype2',155000,'sportsclassics'),('Btype Luxe','btype3',85000,'sportsclassics'),('Buccaneer','buccaneer',18000,'muscle'),('Buccaneer Rider','buccaneer2',24000,'muscle'),('Buffalo','buffalo',12000,'sports'),('Buffalo S','buffalo2',20000,'sports'),('Bullet','bullet',90000,'super'),('Burrito','burrito3',19000,'vans'),('Camper','camper',42000,'vans'),('Carbonizzare','carbonizzare',75000,'sports'),('Carbon RS','carbonrs',18000,'motorcycles'),('Casco','casco',30000,'sportsclassics'),('Cavalcade','cavalcade2',55000,'suvs'),('Cheetah','cheetah',375000,'super'),('Chimera','chimera',38000,'motorcycles'),('Chino','chino',15000,'muscle'),('Chino Luxe','chino2',19000,'muscle'),('Cliffhanger','cliffhanger',9500,'motorcycles'),('Cognoscenti Cabrio','cogcabrio',55000,'coupes'),('Cognoscenti','cognoscenti',55000,'sedans'),('Comet','comet2',65000,'sports'),('Comet 5','comet5',1145000,'sports'),('Contender','contender',70000,'suvs'),('Coquette','coquette',65000,'sports'),('Coquette Classic','coquette2',40000,'sportsclassics'),('Coquette BlackFin','coquette3',55000,'muscle'),('Cruiser (velo)','cruiser',510,'motorcycles'),('Cyclone','cyclone',1890000,'super'),('Daemon','daemon',11500,'motorcycles'),('Daemon High','daemon2',13500,'motorcycles'),('Defiler','defiler',9800,'motorcycles'),('Deluxo','deluxo',4721500,'sportsclassics'),('Dominator','dominator',35000,'muscle'),('Double T','double',28000,'motorcycles'),('Dubsta','dubsta',45000,'suvs'),('Dubsta Luxuary','dubsta2',60000,'suvs'),('Bubsta 6x6','dubsta3',120000,'offroad'),('Dukes','dukes',28000,'muscle'),('Dune Buggy','dune',8000,'offroad'),('Elegy','elegy2',38500,'sports'),('Emperor','emperor',8500,'sedans'),('Enduro','enduro',5500,'motorcycles'),('Entity XF','entityxf',425000,'super'),('Esskey','esskey',4200,'motorcycles'),('Exemplar','exemplar',32000,'coupes'),('F620','f620',40000,'coupes'),('Faction','faction',20000,'muscle'),('Faction Rider','faction2',30000,'muscle'),('Faction XL','faction3',40000,'muscle'),('Faggio','faggio',1900,'motorcycles'),('Vespa','faggio2',2800,'motorcycles'),('Felon','felon',42000,'coupes'),('Felon GT','felon2',55000,'coupes'),('Feltzer','feltzer2',55000,'sports'),('Stirling GT','feltzer3',65000,'sportsclassics'),('Fixter (velo)','fixter',225,'motorcycles'),('FMJ','fmj',185000,'super'),('Fhantom','fq2',17000,'suvs'),('Fugitive','fugitive',12000,'sedans'),('Furore GT','furoregt',45000,'sports'),('Fusilade','fusilade',40000,'sports'),('Gargoyle','gargoyle',16500,'motorcycles'),('Gauntlet','gauntlet',30000,'muscle'),('Gang Burrito','gburrito',45000,'vans'),('Burrito','gburrito2',29000,'vans'),('Glendale','glendale',6500,'sedans'),('Grabger','granger',50000,'suvs'),('Gresley','gresley',47500,'suvs'),('GT 500','gt500',785000,'sportsclassics'),('Guardian','guardian',45000,'offroad'),('Hakuchou','hakuchou',31000,'motorcycles'),('Hakuchou Sport','hakuchou2',55000,'motorcycles'),('Hermes','hermes',535000,'muscle'),('Hexer','hexer',12000,'motorcycles'),('Hotknife','hotknife',125000,'muscle'),('Huntley S','huntley',40000,'suvs'),('Hustler','hustler',625000,'muscle'),('Infernus','infernus',180000,'super'),('Innovation','innovation',23500,'motorcycles'),('Intruder','intruder',7500,'sedans'),('Issi','issi2',10000,'compacts'),('Jackal','jackal',38000,'coupes'),('Jester','jester',65000,'sports'),('Jester(Racecar)','jester2',135000,'sports'),('Journey','journey',6500,'vans'),('Kamacho','kamacho',345000,'offroad'),('Khamelion','khamelion',38000,'sports'),('Kuruma','kuruma',30000,'sports'),('Landstalker','landstalker',35000,'suvs'),('RE-7B','le7b',325000,'super'),('Lynx','lynx',40000,'sports'),('Mamba','mamba',70000,'sports'),('Manana','manana',12800,'sportsclassics'),('Manchez','manchez',5300,'motorcycles'),('Massacro','massacro',65000,'sports'),('Massacro(Racecar)','massacro2',130000,'sports'),('Mesa','mesa',16000,'suvs'),('Mesa Trail','mesa3',40000,'suvs'),('Minivan','minivan',13000,'vans'),('Monroe','monroe',55000,'sportsclassics'),('The Liberator','monster',210000,'offroad'),('Moonbeam','moonbeam',18000,'vans'),('Moonbeam Rider','moonbeam2',35000,'vans'),('Nemesis','nemesis',5800,'motorcycles'),('Neon','neon',1500000,'sports'),('Nightblade','nightblade',35000,'motorcycles'),('Nightshade','nightshade',65000,'muscle'),('9F','ninef',65000,'sports'),('9F Cabrio','ninef2',80000,'sports'),('Omnis','omnis',35000,'sports'),('Oppressor','oppressor',3524500,'super'),('Oracle XS','oracle2',35000,'coupes'),('Osiris','osiris',160000,'super'),('Panto','panto',10000,'compacts'),('Paradise','paradise',19000,'vans'),('Pariah','pariah',1420000,'sports'),('Patriot','patriot',55000,'suvs'),('PCJ-600','pcj',6200,'motorcycles'),('Penumbra','penumbra',28000,'sports'),('Pfister','pfister811',85000,'super'),('Phoenix','phoenix',12500,'muscle'),('Picador','picador',18000,'muscle'),('Pigalle','pigalle',20000,'sportsclassics'),('Prairie','prairie',12000,'compacts'),('Premier','premier',8000,'sedans'),('Primo Custom','primo2',14000,'sedans'),('X80 Proto','prototipo',2500000,'super'),('Radius','radi',29000,'suvs'),('raiden','raiden',1375000,'sports'),('Rapid GT','rapidgt',35000,'sports'),('Rapid GT Convertible','rapidgt2',45000,'sports'),('Rapid GT3','rapidgt3',885000,'sportsclassics'),('Reaper','reaper',150000,'super'),('Rebel','rebel2',35000,'offroad'),('Regina','regina',5000,'sedans'),('Retinue','retinue',615000,'sportsclassics'),('Revolter','revolter',1610000,'sports'),('riata','riata',380000,'offroad'),('Rocoto','rocoto',45000,'suvs'),('Ruffian','ruffian',6800,'motorcycles'),('Ruiner 2','ruiner2',5745600,'muscle'),('Rumpo','rumpo',15000,'vans'),('Rumpo Trail','rumpo3',19500,'vans'),('Sabre Turbo','sabregt',20000,'muscle'),('Sabre GT','sabregt2',25000,'muscle'),('Sanchez','sanchez',5300,'motorcycles'),('Sanchez Sport','sanchez2',5300,'motorcycles'),('Sanctus','sanctus',25000,'motorcycles'),('Sandking','sandking',55000,'offroad'),('Savestra','savestra',990000,'sportsclassics'),('SC 1','sc1',1603000,'super'),('Schafter','schafter2',25000,'sedans'),('Schafter V12','schafter3',50000,'sports'),('Scorcher (velo)','scorcher',280,'motorcycles'),('Seminole','seminole',25000,'suvs'),('Sentinel','sentinel',32000,'coupes'),('Sentinel XS','sentinel2',40000,'coupes'),('Sentinel3','sentinel3',650000,'sports'),('Seven 70','seven70',39500,'sports'),('ETR1','sheava',220000,'super'),('Shotaro Concept','shotaro',320000,'motorcycles'),('Slam Van','slamvan3',11500,'muscle'),('Sovereign','sovereign',22000,'motorcycles'),('Stinger','stinger',80000,'sportsclassics'),('Stinger GT','stingergt',75000,'sportsclassics'),('Streiter','streiter',500000,'sports'),('Stretch','stretch',90000,'sedans'),('Stromberg','stromberg',3185350,'sports'),('Sultan','sultan',15000,'sports'),('Sultan RS','sultanrs',65000,'super'),('Super Diamond','superd',130000,'sedans'),('Surano','surano',50000,'sports'),('Surfer','surfer',12000,'vans'),('T20','t20',300000,'super'),('Tailgater','tailgater',30000,'sedans'),('Tampa','tampa',16000,'muscle'),('Drift Tampa','tampa2',80000,'sports'),('Thrust','thrust',24000,'motorcycles'),('Tri bike (velo)','tribike3',520,'motorcycles'),('Trophy Truck','trophytruck',60000,'offroad'),('Trophy Truck Limited','trophytruck2',80000,'offroad'),('Tropos','tropos',40000,'sports'),('Turismo R','turismor',350000,'super'),('Tyrus','tyrus',600000,'super'),('Vacca','vacca',120000,'super'),('Vader','vader',7200,'motorcycles'),('Verlierer','verlierer2',70000,'sports'),('Vigero','vigero',12500,'muscle'),('Virgo','virgo',14000,'muscle'),('Viseris','viseris',875000,'sportsclassics'),('Visione','visione',2250000,'super'),('Voltic','voltic',90000,'super'),('Voltic 2','voltic2',3830400,'super'),('Voodoo','voodoo',7200,'muscle'),('Vortex','vortex',9800,'motorcycles'),('Warrener','warrener',4000,'sedans'),('Washington','washington',9000,'sedans'),('Windsor','windsor',95000,'coupes'),('Windsor Drop','windsor2',125000,'coupes'),('Woflsbane','wolfsbane',9000,'motorcycles'),('XLS','xls',32000,'suvs'),('Yosemite','yosemite',485000,'muscle'),('Youga','youga',10800,'vans'),('Youga Luxuary','youga2',14500,'vans'),('Z190','z190',900000,'sportsclassics'),('Zentorno','zentorno',1500000,'super'),('Zion','zion',36000,'coupes'),('Zion Cabrio','zion2',45000,'coupes'),('Zombie','zombiea',9500,'motorcycles'),('Zombie Luxuary','zombieb',12000,'motorcycles'),('Z-Type','ztype',220000,'sportsclassics');
/*!40000 ALTER TABLE `vehicles` ENABLE KEYS */;
UNLOCK TABLES;
/*!40103 SET TIME_ZONE=@OLD_TIME_ZONE */;

/*!40101 SET SQL_MODE=@OLD_SQL_MODE */;
/*!40014 SET FOREIGN_KEY_CHECKS=@OLD_FOREIGN_KEY_CHECKS */;
/*!40014 SET UNIQUE_CHECKS=@OLD_UNIQUE_CHECKS */;
/*!40101 SET CHARACTER_SET_CLIENT=@OLD_CHARACTER_SET_CLIENT */;
/*!40101 SET CHARACTER_SET_RESULTS=@OLD_CHARACTER_SET_RESULTS */;
/*!40101 SET COLLATION_CONNECTION=@OLD_COLLATION_CONNECTION */;
/*!40111 SET SQL_NOTES=@OLD_SQL_NOTES */;

-- Dump completed on 2020-06-27  0:52:18
